Name,FileName,StartTime,EndTime,Type,Loop
ambient_gargoyle_ledge_fuck,ambient_gargoyle_ledge_fuck,0,3200,gallery,true
ambient_gooper_bed_blowjob,ambient_gooper_bed_blowjob,0,3000,gallery,true
ambient_imp_gangbang,ambient_imp_gangbang,0,3125,gallery,true
ambient_imp_gangbang_2,ambient_imp_gangbang_2,0,3000,gallery,true
ambient_mimic_wall_fuck,ambient_mimic_wall_fuck,0,3000,gallery,true
ambient_nun_chair_fuck,ambient_nun_chair_fuck,0,3125,gallery,true
ambient_nun_wall_chain_head,ambient_nun_wall_chain_head,0,3000,gallery,true
ambient_plantasha_blowjob,ambient_plantasha_blowjob,0,4500,gallery,true
ambient_zombie_bench_fuck,ambient_zombie_bench_fuck,0,5000,gallery,true
ambient_wendigo_hole,ambient_wendigo_hole,0,3165,gallery,true
peek_imp_three_way,peek_imp_three_way,0,3111,gallery,true
peek_nun_mimic,peek_nun_mimic,0,3556,gallery,true
peek_plant_bj,peek_plant_bj,0,3334,gallery,true
peek_wendigo_ride,peek_wendigo_ride,0,2667,gallery,true
peek_nuns_threeway,peek_nuns_threeway,0,3334,gallery,true
peek_gooper_pillory,peek_gooper_pillory,0,3556,gallery,true
peek_zombie_bj,peek_zombie_bj,0,4000,gallery,true
filler,filler,0,2000,filler,true
Nun_Grab,nun_grab,0,1200,gallery,true
Nun_Cum,nun_cum,0,3300,gallery,true
Baphomet_Start,baphomet_start,0,2500,gallery,true
Baphomet_Loop,baphomet_loop,0,1500,gallery,true
Baphomet_Cum,baphomet_cum,0,2500,gallery,true
Baphomet_Start2,baphomet_start2,0,2500,gallery,true
Baphomet_Loop2,baphomet_loop2,0,1250,gallery,true
Baphomet_Cum2,baphomet_cum2,0,2500,gallery,true
Dragon_Grabbed,dragon_grabbed,0,4833,gallery,true
Dragon_Cum,dragon_cum,0,1111,gallery,true
Gargoyle_Grabbed,gargoyle_grabbed,0,2000,gallery,true
Gargoyle_Cum,gargoyle_cum,0,3375,gallery,true
Gravy_Start,gravy_start,0,3875,gallery,true
Gravy_Loop,gravy_loop,0,2000,gallery,true
Gravy_Cum,gravy_cum,0,7000,gallery,true
Gravy_Start2,gravy_start2,0,2875,gallery,true
Gravy_Loop2,gravy_loop2,0,1556,gallery,true
Gravy_Cum2,gravy_cum2,0,12000,gallery,true
Gravy_End2,gravy_end2,0,3750,gallery,true
Gooper_Start,gooper_start,0,1600,gallery,true
Gooper_Cum,gooper_cum,0,1500,gallery,true
Wendigo_Start,wendigo_start,0,5167,gallery,true
Wendigo_Continued,wendigo_continued,0,4000,gallery,true
Mimic_Start,mimic_start,0,1750,gallery,true
Mimic_Loop,mimic_loop,0,1250,gallery,true
Mimic_Cum,mimic_cum,0,3750,gallery,true
imp_1,imp_1,0,5500,gallery,true
imp_2,imp_2,0,5000,gallery,true
imp_3,imp_3,0,5000,gallery,true
imp_grab_loop,imp_grab_loop,0,1750,gallery,true
imp_grab_cum,imp_grab_cum,0,3500,gallery,true
Plantasha_Start,plantasha_start,0,1000,gallery,true
Plantasha_Cum,plantasha_cum,0,7750,gallery,true
Zombie_Loop,zombie_loop,0,5333,gallery,true
Zombie_Cum,zombie_cum,0,10222,gallery,true
filler_damage_25,filler_damage_25,0,2000,reaction,true
filler_damage_50,filler_damage_50,0,2000,reaction,true
filler_damage_75,filler_damage_75,0,2000,reaction,true
filler_cum_25,filler_cum_25,0,2000,gallery,true
filler_cum_50,filler_cum_50,0,2000,gallery,true
filler_cum_75,filler_cum_75,0,2000,gallery,true
Nun_Cum_Gallery,nun_cum_gallery,0,5500,gallery,true
Gooper_Start_Gallery,gooper_start_gallery,0,2000,gallery,true
Gooper_Cum_Gallery,gooper_cum_gallery,0,1750,gallery,true
imp_1_Gallery,imp_1_gallery,0,7333,gallery,true
imp_2_Gallery,imp_2_gallery,0,6667,gallery,true
imp_3_Gallery,imp_3_gallery,0,6667,gallery,true
Plantasha_Start_Gallery,plantasha_start_gallery,0,889,gallery,true
Plantasha_Cum_Gallery,plantasha_cum_gallery,0,7111,gallery,true
imp_grab_loop_Gallery,imp_grab_loop_gallery,0,1556,gallery,true
imp_grab_cum_Gallery,imp_grab_cum_gallery,0,3111,gallery,true
Wendigo_Start_Gallery,wendigo_start_gallery,0,5500,gallery,true
Dragon_Grabbed_Gallery,dragon_grabbed_gallery,0,4667,gallery,true
ambient_dragon_squat_ride,ambient_dragon_squat_ride,0,3000,gallery,true
ambient_wendigo_squat_ride,ambient_wendigo_squat_ride,0,3000,gallery,true
ambient_goonshroom_gangbang,ambient_goonshroom_gangbang,0,3000,gallery,true
ambient_nun_watersports,ambient_nun_watersports,0,2667,gallery,true
ambient_plant_gangbang,ambient_plant_gangbang,0,3000,gallery,true
ambient_serpent_wall_blowjob,ambient_serpent_wall_blowjob,0,3000,gallery,true
peek_gargoyle_fuck_fest,peek_gargoyle_fuck_fest,0,3333,gallery,true
peek_gravy_bath,peek_gravy_bath,0,3333,gallery,true
peek_serpent_prison,peek_serpent_prison,0,3333,gallery,true
peek_werewolf_ride,peek_werewolf_ride,0,3333,gallery,true
Serpent_Loop,serpent_loop,0,1750,gallery,true
Serpent_Cum,serpent_cum,0,3375,gallery,true
BlindedBeast_Start,blindedbeast_start,0,1111,gallery,true
BlindedBeast_Cum,blindedbeast_cum,0,3667,gallery,true
BlindedBeast_Start_T,blindedbeast_start_t,0,1500,gallery,true
BlindedBeast_Cum_T,blindedbeast_cum_t,0,3500,gallery,true
GoonShroom_Start,goonshroom_start,0,1500,gallery,true
GoonShroom_Cum,goonshroom_cum,0,3125,gallery,true
goonshroom_1,goonshroom_1,0,1500,gallery,true
goonshroom_2,goonshroom_2,0,1500,gallery,true
goonshroom_3,goonshroom_3,0,1500,gallery,true
Serpent_Loop_Gallery,serpent_loop_gallery,0,1556,gallery,true
BlindedBeast_Cum_Gallery,blindedbeast_cum_gallery,0,3778,gallery,true
BlindedBeast_Start_T_Gallery,blindedbeast_start_t_gallery,0,1333,gallery,true
BlindedBeast_Cum_T_Gallery,blindedbeast_cum_t_gallery,0,3111,gallery,true
GoonShroom_Start_Gallery,goonshroom_start_gallery,0,1333,gallery,true
GoonShroom_Cum_Gallery,goonshroom_cum_gallery,0,2778,gallery,true
goonshroom_1_Gallery,goonshroom_1_gallery,0,1333,gallery,true
goonshroom_2_Gallery,goonshroom_2_gallery,0,1333,gallery,true
goonshroom_3_Gallery,goonshroom_3_gallery,0,1333,gallery,true
Serpent_Hypnosis,serpent_hypnosis,0,1000,gallery,true
